system,time,memory_usage_mb,carbon
FAISS Flat,0.16366028785705566,494.31640625,4.043391897979283e-06
FAISS HNSW,0.18886542320251465,543.4296875,1.0077937272758714e-05
Marqo,4.7211644649505615,543.1171875,0.00011585173098238572
