system,time,memory_usage_mb
FAISS Flat,0.07056474685668945,469.27734375
FAISS HNSW,0.05864548683166504,521.1328125
Marqo,4.835261583328247,521.359375
