system,time,memory_usage_mb
FAISS Flat,0.033628225326538086,469.6875
FAISS HNSW,0.017810344696044922,521.25390625
Marqo,0.15406465530395508,521.359375
