system,time,memory_usage_mb,carbon
FAISS Flat,0.2169966697692871,493.73828125,5.449153094438808e-06
FAISS HNSW,0.06026911735534668,543.53515625,1.057211970437386e-05
Marqo,0.2845621109008789,543.1171875,0.00011775335485247242
