tag,desc,time_s,mem_mb,carbon_kg,throughput,norm_time_s,norm_mem_mb,norm_carbon_kg,norm_throughput,inv_norm_time_s,inv_norm_mem_mb,inv_norm_carbon_kg,perf_score
llama2:7b,LLaMA-2 7B FP16,14.268871704737345,0.010416666666666666,0.00015592964717793818,15.008864038413117,1.0,0.0,1.0,1.0,0.0,1.0,0.0,0.4
llama2:7b-text-q4_0,LLaMA-2 7B Q4_0 (4-bit),4.678665955861409,0.016927083333333332,4.082084264491601e-05,7.653823281915705,0.09103378446028296,0.10204081632653061,0.12723426304194677,0.43610499395617763,0.908966215539717,0.8979591836734694,0.8727657369580533,0.8475178402469896
llama2:7b-text-q8_0,LLaMA-2 7B Q8_0 (8-bit),3.718198219935099,0.07421875,2.4039954837100423e-05,1.9655835027351243,0.0,1.0,0.0,0.0,1.0,0.0,1.0,0.6
