model,description,time_s,mem_mb,carbon_kg,token_rate,norm_time_s,norm_mem_mb,norm_carbon_kg,norm_token_rate,inv_norm_time_s,inv_norm_mem_mb,inv_norm_carbon_kg,performance_score
llama2:7b,LLaMA-2 7B FP16,15.669816493988037,9.87955199999999,0.00018407936664486063,17.654506883371628,0.15663631032253236,1.0,0.3221216649328029,1.0,0.8433636896774677,0.0,0.6778783350671971,0.5563726074233994
llama2:7b-text-q4_0,LLaMA-2 7B Q4_0 (4-bit),8.211317777633667,-0.036863999999994235,8.737035210309429e-05,6.714405285017863,0.0,0.3827129015808263,0.0,0.2229357259412956,1.0,0.6172870984191736,1.0,0.8074797021198816
llama2:7b-text-q8_0,LLaMA-2 7B Q8_0 (8-bit),55.827982783317566,-6.18495999999999,0.0003875954691002406,3.5757466526223247,1.0,0.0,1.0,0.0,0.0,1.0,0.0,0.3
