model,description,time_s,mem_mb,carbon_kg,token_rate
llama2:7b,LLaMA-2 7B FP16,18.091001749038696,19.488767999999993,0.00021218497775296355,18.62804529428047
llama2:7b,LLaMA-2 7B FP16,13.248631238937378,0.27033599999998614,0.0001559737555367577,16.680968472462787
llama2:7b-text-q4_0,LLaMA-2 7B Q4_0 (4-bit),4.442762851715088,-0.07782399999999257,3.4707407904406505e-05,1.5755961399780125
llama2:7b-text-q4_0,LLaMA-2 7B Q4_0 (4-bit),11.979872703552246,0.004096000000004096,0.0001400332963017821,11.853214430057713
llama2:7b-text-q8_0,LLaMA-2 7B Q8_0 (8-bit),111.04631328582764,-12.333056,0.0007708167313439819,5.511214032155599
llama2:7b-text-q8_0,LLaMA-2 7B Q8_0 (8-bit),0.6096522808074951,-0.036863999999980024,4.374206856499255e-06,1.6402792730890507
